window_start_days,window_end_days,clock_share,start_days_since_ath,start_drawdown,2012-11-28,2016-07-09,2020-05-11,2024-04-19
400,580,0.0,240,0.7,1.0,1.1001285120661282,1.5964020495674554,1.3021655885167434
400,580,0.0,240,0.8,1.0,1.1438594813807827,1.5964020495674556,1.3021655885167434
400,580,0.0,240,1.01,1.0,1.1438594813807827,1.5964020495674556,1.3021655885167434
400,580,0.0,300,0.7,1.0,1.1001285120661282,1.5964020495674554,1.2006086151151147
400,580,0.0,300,0.8,1.0,1.4029112257065848,1.5964020495674554,1.2006086151151147
400,580,0.0,300,1.01,1.0,1.4029112257065848,1.5964020495674554,1.2006086151151147
400,580,0.0,360,0.7,1.0,1.1001285120661282,1.5964020495674554,1.1372977159802333
400,580,0.0,360,0.8,1.0,1.5433342316371934,1.5964020495674558,1.1372977159802333
400,580,0.0,360,1.01,1.0,1.5433342316371934,1.5964020495674558,1.1372977159802333
400,580,0.5,240,0.7,1.0748460464388463,1.0759734989625585,1.5694294767588115,1.3240012484225097
400,580,0.5,240,0.8,1.0748460464388463,1.1179443083854748,1.5694294767588115,1.3240012484225099
400,580,0.5,240,1.01,1.0748460464388463,1.1179443083854748,1.5694294767588115,1.3240012484225099
400,580,0.5,300,0.7,1.1482417194663457,1.0759734989625585,1.5694294767588115,1.219679803988962
400,580,0.5,300,0.8,1.1482417194663457,1.3665692888550665,1.5694294767588117,1.219679803988962
400,580,0.5,300,1.01,1.1482417194663457,1.3665692888550665,1.5694294767588117,1.219679803988962
400,580,0.5,360,0.7,1.1699008873430872,1.0759734989625587,1.5694294767588117,1.1546455259387693
400,580,0.5,360,0.8,1.1699008873430872,1.5013403061197497,1.5694294767588115,1.15464552593877
400,580,0.5,360,1.01,1.1699008873430872,1.5013403061197497,1.5694294767588115,1.15464552593877
400,580,1.0,240,0.7,1.1496920928776924,1.0518184858589887,1.5424569039501674,1.3458369083282762
400,580,1.0,240,0.8,1.1496920928776924,1.092029135390167,1.5424569039501674,1.345836908328276
400,580,1.0,240,1.01,1.1496920928776924,1.092029135390167,1.5424569039501674,1.345836908328276
400,580,1.0,300,0.7,1.2964834389326916,1.0518184858589887,1.5424569039501677,1.2387509928628093
400,580,1.0,300,0.8,1.2964834389326916,1.3302273520035486,1.5424569039501672,1.238750992862809
400,580,1.0,300,1.01,1.2964834389326916,1.3302273520035486,1.5424569039501672,1.238750992862809
400,580,1.0,360,0.7,1.3398017746861741,1.0518184858589887,1.5424569039501674,1.1719933358973065
400,580,1.0,360,0.8,1.3398017746861741,1.459346380602306,1.5424569039501677,1.1719933358973065
400,580,1.0,360,1.01,1.3398017746861741,1.459346380602306,1.5424569039501677,1.1719933358973065
400,640,0.0,240,0.7,1.0,1.1001285120661282,1.5964020495674554,1.3021655885167434
400,640,0.0,240,0.8,1.0,1.1438594813807827,1.5964020495674556,1.3021655885167434
400,640,0.0,240,1.01,1.0,1.1438594813807827,1.5964020495674556,1.3021655885167434
400,640,0.0,300,0.7,1.0,1.1001285120661282,1.5964020495674554,1.2006086151151147
400,640,0.0,300,0.8,1.0,1.4029112257065848,1.5964020495674554,1.2006086151151147
400,640,0.0,300,1.01,1.0,1.4029112257065848,1.5964020495674554,1.2006086151151147
400,640,0.0,360,0.7,1.0,1.1001285120661282,1.5964020495674554,1.1372977159802333
400,640,0.0,360,0.8,1.0,1.5433342316371934,1.5964020495674558,1.1372977159802333
400,640,0.0,360,1.01,1.0,1.5433342316371934,1.5964020495674558,1.1372977159802333
400,640,0.5,240,0.7,1.1501274022174508,1.114488735082071,1.5873624472554946,1.316710666356644
400,640,0.5,240,0.8,1.1501274022174508,1.159266124387503,1.5873624472554946,1.3167106663566437
400,640,0.5,240,1.01,1.1501274022174508,1.159266124387503,1.5873624472554946,1.3167106663566437
400,640,0.5,300,0.7,1.193367962667778,1.1144887350820711,1.5873624472554946,1.2133122351507193
400,640,0.5,300,0.8,1.193367962667778,1.424516609060402,1.5873624472554946,1.2133122351507195
400,640,0.5,300,1.01,1.193367962667778,1.424516609060402,1.5873624472554946,1.2133122351507195
400,640,0.5,360,0.7,1.2174814110213517,1.1144887350820707,1.5873624472554944,1.1488533661088596
400,640,0.5,360,0.8,1.2174814110213517,1.5682997380999597,1.5873624472554946,1.1488533661088598
400,640,0.5,360,1.01,1.2174814110213517,1.5682997380999597,1.5873624472554946,1.1488533661088598
400,640,1.0,240,0.7,1.3002548044349018,1.1288489580980134,1.5783228449435336,1.3312557441965436
400,640,1.0,240,0.8,1.3002548044349018,1.1746727673942234,1.5783228449435336,1.331255744196544
400,640,1.0,240,1.01,1.3002548044349018,1.1746727673942234,1.5783228449435336,1.331255744196544
400,640,1.0,300,0.7,1.3867359253355558,1.1288489580980137,1.5783228449435336,1.2260158551863243
400,640,1.0,300,0.8,1.3867359253355558,1.4461219924142192,1.5783228449435331,1.2260158551863243
400,640,1.0,300,1.01,1.3867359253355558,1.4461219924142192,1.5783228449435331,1.2260158551863243
400,640,1.0,360,0.7,1.4349628220427035,1.1288489580980134,1.5783228449435331,1.1604090162374863
400,640,1.0,360,0.8,1.4349628220427035,1.5932652445627258,1.5783228449435334,1.1604090162374863
400,640,1.0,360,1.01,1.4349628220427035,1.5932652445627258,1.5783228449435334,1.1604090162374863
400,700,0.0,240,0.7,1.0,1.1001285120661282,1.5964020495674554,1.3021655885167434
400,700,0.0,240,0.8,1.0,1.1438594813807827,1.5964020495674556,1.3021655885167434
400,700,0.0,240,1.01,1.0,1.1438594813807827,1.5964020495674556,1.3021655885167434
400,700,0.0,300,0.7,1.0,1.1001285120661282,1.5964020495674554,1.2006086151151147
400,700,0.0,300,0.8,1.0,1.4029112257065848,1.5964020495674554,1.2006086151151147
400,700,0.0,300,1.01,1.0,1.4029112257065848,1.5964020495674554,1.2006086151151147
400,700,0.0,360,0.7,1.0,1.1001285120661282,1.5964020495674554,1.1372977159802333
400,700,0.0,360,0.8,1.0,1.5433342316371934,1.5964020495674558,1.1372977159802333
400,700,0.0,360,1.01,1.0,1.5433342316371934,1.5964020495674558,1.1372977159802333
400,700,0.5,240,0.7,1.2535010026511095,1.097885026501905,1.6111294622775363,1.309497643432091
400,700,0.5,240,0.8,1.2535010026511095,1.1414525145014836,1.611129462277536,1.309497643432091
400,700,0.5,240,1.01,1.2535010026511095,1.1414525145014836,1.611129462277536,1.309497643432091
400,700,0.5,300,0.7,1.2535010026511095,1.097885026501905,1.6111294622775363,1.2070124061948195
400,700,0.5,300,0.8,1.2535010026511095,1.3995358348362623,1.611129462277536,1.2070124061948195
400,700,0.5,300,1.01,1.2535010026511095,1.3995358348362623,1.611129462277536,1.2070124061948195
400,700,0.5,360,0.7,1.2575608447113893,1.097885026501905,1.6111294622775358,1.1431228248079919
400,700,0.5,360,0.8,1.2575608447113893,1.5394338915595662,1.611129462277536,1.1431228248079914
400,700,0.5,360,1.01,1.2575608447113893,1.5394338915595662,1.611129462277536,1.1431228248079914
400,700,1.0,240,0.7,1.5070020053022188,1.095641540937681,1.625856874987617,1.316829698347439
400,700,1.0,240,0.8,1.5070020053022188,1.1390455476221844,1.6258568749876168,1.316829698347439
400,700,1.0,240,1.01,1.5070020053022188,1.1390455476221844,1.6258568749876168,1.316829698347439
400,700,1.0,300,0.7,1.5070020053022188,1.095641540937681,1.625856874987617,1.2134161972745248
400,700,1.0,300,0.8,1.5070020053022188,1.3961604439659399,1.6258568749876166,1.2134161972745248
400,700,1.0,300,1.01,1.5070020053022188,1.3961604439659399,1.6258568749876166,1.2134161972745248
400,700,1.0,360,0.7,1.5151216894227786,1.0956415409376807,1.6258568749876166,1.1489479336357498
400,700,1.0,360,0.8,1.5151216894227786,1.5355335514819382,1.6258568749876168,1.14894793363575
400,700,1.0,360,1.01,1.5151216894227786,1.5355335514819382,1.6258568749876168,1.14894793363575
450,580,0.0,240,0.7,1.0,1.1001285120661282,1.5964020495674554,1.3021655885167434
450,580,0.0,240,0.8,1.0,1.1438594813807827,1.5964020495674556,1.3021655885167434
450,580,0.0,240,1.01,1.0,1.1438594813807827,1.5964020495674556,1.3021655885167434
450,580,0.0,300,0.7,1.0,1.1001285120661282,1.5964020495674554,1.2006086151151147
450,580,0.0,300,0.8,1.0,1.4029112257065848,1.5964020495674554,1.2006086151151147
450,580,0.0,300,1.01,1.0,1.4029112257065848,1.5964020495674554,1.2006086151151147
450,580,0.0,360,0.7,1.0,1.1001285120661282,1.5964020495674554,1.1372977159802333
450,580,0.0,360,0.8,1.0,1.5433342316371934,1.5964020495674558,1.1372977159802333
450,580,0.0,360,1.01,1.0,1.5433342316371934,1.5964020495674558,1.1372977159802333
450,580,0.5,240,0.7,1.0645497453379726,1.1684383024960028,1.6322511144113974,1.3280746974606514
450,580,0.5,240,0.8,1.0645497453379726,1.217146961237368,1.6322511144113971,1.3280746974606508
450,580,0.5,240,1.01,1.0645497453379726,1.217146961237368,1.6322511144113971,1.3280746974606508
450,580,0.5,300,0.7,1.1356190734483125,1.1684383024960023,1.6322511144113971,1.223237540110043
450,580,0.5,300,0.8,1.1356190734483125,1.5056853405248476,1.6322511144113974,1.223237540110043
450,580,0.5,300,1.01,1.1356190734483125,1.5056853405248476,1.6322511144113974,1.223237540110043
450,580,0.5,360,0.7,1.156591733619333,1.1684383024960023,1.6322511144113974,1.1578817651957662
450,580,0.5,360,0.8,1.156591733619333,1.6620920331388773,1.6322511144113974,1.157881765195766
450,580,0.5,360,1.01,1.156591733619333,1.6620920331388773,1.6322511144113974,1.157881765195766
450,580,1.0,240,0.7,1.1290994906759453,1.2367480929258767,1.6681001792553392,1.3539838064045588
450,580,1.0,240,0.8,1.1290994906759453,1.2904344410939528,1.668100179255339,1.3539838064045586
450,580,1.0,240,1.01,1.1290994906759453,1.2904344410939528,1.668100179255339,1.3539838064045586
450,580,1.0,300,0.7,1.2712381468966254,1.236748092925877,1.6681001792553392,1.245866465104971
450,580,1.0,300,0.8,1.2712381468966254,1.608459455343111,1.6681001792553394,1.245866465104971
450,580,1.0,300,1.01,1.2712381468966254,1.608459455343111,1.6681001792553394,1.245866465104971
450,580,1.0,360,0.7,1.3131834672386657,1.2367480929258765,1.668100179255339,1.178465814411299
450,580,1.0,360,0.8,1.3131834672386657,1.7808498346405621,1.668100179255339,1.1784658144112987
450,580,1.0,360,1.01,1.3131834672386657,1.7808498346405621,1.668100179255339,1.1784658144112987
450,640,0.0,240,0.7,1.0,1.1001285120661282,1.5964020495674554,1.3021655885167434
450,640,0.0,240,0.8,1.0,1.1438594813807827,1.5964020495674556,1.3021655885167434
450,640,0.0,240,1.01,1.0,1.1438594813807827,1.5964020495674556,1.3021655885167434
450,640,0.0,300,0.7,1.0,1.1001285120661282,1.5964020495674554,1.2006086151151147
450,640,0.0,300,0.8,1.0,1.4029112257065848,1.5964020495674554,1.2006086151151147
450,640,0.0,300,1.01,1.0,1.4029112257065848,1.5964020495674554,1.2006086151151147
450,640,0.0,360,0.7,1.0,1.1001285120661282,1.5964020495674554,1.1372977159802333
450,640,0.0,360,0.8,1.0,1.5433342316371934,1.5964020495674558,1.1372977159802333
450,640,0.0,360,1.01,1.0,1.5433342316371934,1.5964020495674558,1.1372977159802333
450,640,0.5,240,0.7,1.0866466904568175,1.1424152593069388,1.5835184802483204,1.3110768161767912
450,640,0.5,240,0.8,1.0866466904568175,1.1892276360348784,1.5835184802483206,1.3110768161767912
450,640,0.5,240,1.01,1.0866466904568175,1.1892276360348784,1.5835184802483206,1.3110768161767912
450,640,0.5,300,0.7,1.1230270820231756,1.1424152593069392,1.5835184802483209,1.2083916501383767
450,640,0.5,300,0.8,1.1230270820231756,1.4665328967564977,1.5835184802483206,1.2083916501383771
450,640,0.5,300,1.01,1.1230270820231756,1.4665328967564977,1.5835184802483206,1.2083916501383771
450,640,0.5,360,0.7,1.1433149016994706,1.1424152593069392,1.5835184802483202,1.144377432581926
450,640,0.5,360,0.8,1.1433149016994706,1.6168505036587197,1.5835184802483202,1.1443774325819256
450,640,0.5,360,1.01,1.1433149016994706,1.6168505036587197,1.5835184802483202,1.1443774325819256
450,640,1.0,240,0.7,1.1732933809136352,1.1847020065477494,1.5706349109291855,1.319988043836839
450,640,1.0,240,0.8,1.1732933809136352,1.2345957906889746,1.5706349109291855,1.3199880438368392
450,640,1.0,240,1.01,1.1732933809136352,1.2345957906889746,1.5706349109291855,1.3199880438368392
450,640,1.0,300,0.7,1.2460541640463516,1.1847020065477494,1.5706349109291855,1.2161746851616395
450,640,1.0,300,0.8,1.2460541640463516,1.5301545678064101,1.5706349109291855,1.2161746851616393
450,640,1.0,300,1.01,1.2460541640463516,1.5301545678064101,1.5706349109291855,1.2161746851616393
450,640,1.0,360,0.7,1.2866298033989414,1.1847020065477494,1.570634910929186,1.1514571491836185
450,640,1.0,360,0.8,1.2866298033989414,1.6903667756802456,1.5706349109291853,1.1514571491836183
450,640,1.0,360,1.01,1.2866298033989414,1.6903667756802456,1.5706349109291853,1.1514571491836183
450,700,0.0,240,0.7,1.0,1.1001285120661282,1.5964020495674554,1.3021655885167434
450,700,0.0,240,0.8,1.0,1.1438594813807827,1.5964020495674556,1.3021655885167434
450,700,0.0,240,1.01,1.0,1.1438594813807827,1.5964020495674556,1.3021655885167434
450,700,0.0,300,0.7,1.0,1.1001285120661282,1.5964020495674554,1.2006086151151147
450,700,0.0,300,0.8,1.0,1.4029112257065848,1.5964020495674554,1.2006086151151147
450,700,0.0,300,1.01,1.0,1.4029112257065848,1.5964020495674554,1.2006086151151147
450,700,0.0,360,0.7,1.0,1.1001285120661282,1.5964020495674554,1.1372977159802333
450,700,0.0,360,0.8,1.0,1.5433342316371934,1.5964020495674558,1.1372977159802333
450,700,0.0,360,1.01,1.0,1.5433342316371934,1.5964020495674558,1.1372977159802333
450,700,0.5,240,0.7,1.1820436915146837,1.0919433235508846,1.5760579962871286,1.3182632948941135
450,700,0.5,240,0.8,1.1820436915146837,1.1350778435707665,1.5760579962871286,1.3182632948941133
450,700,0.5,240,1.01,1.1820436915146837,1.1350778435707665,1.5760579962871286,1.3182632948941133
450,700,0.5,300,0.7,1.1820436915146837,1.0919433235508846,1.5760579962871286,1.2146682954766637
450,700,0.5,300,0.8,1.1820436915146837,1.3905963657285212,1.5760579962871284,1.2146682954766634
450,700,0.5,300,1.01,1.1820436915146837,1.3905963657285212,1.5760579962871284,1.2146682954766634
450,700,0.5,360,0.7,1.1855273571706688,1.0919433235508849,1.5760579962871286,1.1500868852660766
450,700,0.5,360,0.8,1.1855273571706688,1.5291041339186964,1.5760579962871286,1.1500868852660764
450,700,0.5,360,1.01,1.1855273571706688,1.5291041339186964,1.5760579962871286,1.1500868852660764
450,700,1.0,240,0.7,1.3640873830293672,1.0837581350356413,1.5557139430068019,1.3343610012714837
450,700,1.0,240,0.8,1.3640873830293672,1.1262962057607504,1.5557139430068019,1.334361001271484
450,700,1.0,240,1.01,1.3640873830293672,1.1262962057607504,1.5557139430068019,1.334361001271484
450,700,1.0,300,0.7,1.3640873830293672,1.0837581350356413,1.5557139430068019,1.2287279758382121
450,700,1.0,300,0.8,1.3640873830293672,1.3782815057504578,1.5557139430068019,1.2287279758382126
450,700,1.0,300,1.01,1.3640873830293672,1.3782815057504578,1.5557139430068019,1.2287279758382126
450,700,1.0,360,0.7,1.3710547143413379,1.0837581350356413,1.5557139430068017,1.1628760545519192
450,700,1.0,360,0.8,1.3710547143413379,1.5148740362001996,1.5557139430068019,1.1628760545519194
450,700,1.0,360,1.01,1.3710547143413379,1.5148740362001996,1.5557139430068019,1.1628760545519194
500,580,0.0,240,0.7,1.0,1.1001285120661282,1.5964020495674554,1.3021655885167434
500,580,0.0,240,0.8,1.0,1.1438594813807827,1.5964020495674556,1.3021655885167434
500,580,0.0,240,1.01,1.0,1.1438594813807827,1.5964020495674556,1.3021655885167434
500,580,0.0,300,0.7,1.0,1.1001285120661282,1.5964020495674554,1.2006086151151147
500,580,0.0,300,0.8,1.0,1.4029112257065848,1.5964020495674554,1.2006086151151147
500,580,0.0,300,1.01,1.0,1.4029112257065848,1.5964020495674554,1.2006086151151147
500,580,0.0,360,0.7,1.0,1.1001285120661282,1.5964020495674554,1.1372977159802333
500,580,0.0,360,0.8,1.0,1.5433342316371934,1.5964020495674558,1.1372977159802333
500,580,0.0,360,1.01,1.0,1.5433342316371934,1.5964020495674558,1.1372977159802333
500,580,0.5,240,0.7,1.037837973879309,1.2697292148285806,1.663945244369002,1.3105901222215213
500,580,0.5,240,0.8,1.037837973879309,1.325818875622022,1.6639452443690022,1.310590122221521
500,580,0.5,240,1.01,1.037837973879309,1.325818875622022,1.6639452443690022,1.310590122221521
500,580,0.5,300,0.7,1.1028720478578604,1.2697292148285806,1.6639452443690017,1.207966573342678
500,580,0.5,300,0.8,1.1028720478578604,1.6580805358343957,1.663945244369002,1.2079665733426779
500,580,0.5,300,1.01,1.1028720478578604,1.6580805358343957,1.663945244369002,1.2079665733426779
500,580,0.5,360,0.7,1.1220636959197574,1.2697292148285801,1.6639452443690017,1.1439907680945491
500,580,0.5,360,0.8,1.1220636959197574,1.8381881093384622,1.6639452443690024,1.1439907680945491
500,580,0.5,360,1.01,1.1220636959197574,1.8381881093384622,1.6639452443690024,1.1439907680945491
500,580,1.0,240,0.7,1.0756759477586186,1.4393299175910323,1.731488439170548,1.3190146559262987
500,580,1.0,240,0.8,1.0756759477586186,1.5077782698632602,1.7314884391705485,1.3190146559262987
500,580,1.0,240,1.01,1.0756759477586186,1.5077782698632602,1.7314884391705485,1.3190146559262987
500,580,1.0,300,0.7,1.2057440957157206,1.4393299175910323,1.7314884391705487,1.2153245315702415
500,580,1.0,300,0.8,1.2057440957157206,1.913249845962207,1.7314884391705485,1.215324531570241
500,580,1.0,300,1.01,1.2057440957157206,1.913249845962207,1.7314884391705485,1.215324531570241
500,580,1.0,360,0.7,1.2441273918395148,1.4393299175910323,1.731488439170548,1.150683820208865
500,580,1.0,360,0.8,1.2441273918395148,2.133041987039732,1.7314884391705485,1.150683820208865
500,580,1.0,360,1.01,1.2441273918395148,2.133041987039732,1.7314884391705485,1.150683820208865
500,640,0.0,240,0.7,1.0,1.1001285120661282,1.5964020495674554,1.3021655885167434
500,640,0.0,240,0.8,1.0,1.1438594813807827,1.5964020495674556,1.3021655885167434
500,640,0.0,240,1.01,1.0,1.1438594813807827,1.5964020495674556,1.3021655885167434
500,640,0.0,300,0.7,1.0,1.1001285120661282,1.5964020495674554,1.2006086151151147
500,640,0.0,300,0.8,1.0,1.4029112257065848,1.5964020495674554,1.2006086151151147
500,640,0.0,300,1.01,1.0,1.4029112257065848,1.5964020495674554,1.2006086151151147
500,640,0.0,360,0.7,1.0,1.1001285120661282,1.5964020495674554,1.1372977159802333
500,640,0.0,360,0.8,1.0,1.5433342316371934,1.5964020495674558,1.1372977159802333
500,640,0.0,360,1.01,1.0,1.5433342316371934,1.5964020495674558,1.1372977159802333
500,640,0.5,240,0.7,1.072549307525607,1.1822054799221355,1.6353759686515474,1.3172960819843955
500,640,0.5,240,0.8,1.072549307525607,1.231917343812843,1.6353759686515468,1.3172960819843957
500,640,0.5,240,1.01,1.072549307525607,1.231917343812843,1.6353759686515468,1.3172960819843957
500,640,0.5,300,0.7,1.1074062374758642,1.1822054799221362,1.635375968651547,1.2138235351093534
500,640,0.5,300,0.8,1.1074062374758642,1.526398469120512,1.6353759686515472,1.2138235351093534
500,640,0.5,300,1.01,1.1074062374758642,1.526398469120512,1.6353759686515472,1.2138235351093534
500,640,0.5,360,0.7,1.1268444864570546,1.1822054799221362,1.6353759686515472,1.1493184621536245
500,640,0.5,360,0.8,1.1268444864570546,1.6860265191579742,1.6353759686515472,1.1493184621536243
500,640,0.5,360,1.01,1.1268444864570546,1.6860265191579742,1.6353759686515472,1.1493184621536243
500,640,1.0,240,0.7,1.1450986150512141,1.2642824477781438,1.6743498877356389,1.3324265754520477
500,640,1.0,240,0.8,1.1450986150512141,1.319975206244904,1.6743498877356386,1.3324265754520477
500,640,1.0,240,1.01,1.1450986150512141,1.319975206244904,1.6743498877356386,1.3324265754520477
500,640,1.0,300,0.7,1.2148124749517286,1.2642824477781438,1.6743498877356384,1.227038455103592
500,640,1.0,300,0.8,1.2148124749517286,1.649885712534439,1.6743498877356386,1.2270384551035918
500,640,1.0,300,1.01,1.2148124749517286,1.649885712534439,1.6743498877356386,1.2270384551035918
500,640,1.0,360,0.7,1.2536889729141094,1.264282447778144,1.6743498877356386,1.1613392083270155
500,640,1.0,360,0.8,1.2536889729141094,1.828718806678755,1.674349887735639,1.1613392083270153
500,640,1.0,360,1.01,1.2536889729141094,1.828718806678755,1.674349887735639,1.1613392083270153
500,700,0.0,240,0.7,1.0,1.1001285120661282,1.5964020495674554,1.3021655885167434
500,700,0.0,240,0.8,1.0,1.1438594813807827,1.5964020495674556,1.3021655885167434
500,700,0.0,240,1.01,1.0,1.1438594813807827,1.5964020495674556,1.3021655885167434
500,700,0.0,300,0.7,1.0,1.1001285120661282,1.5964020495674554,1.2006086151151147
500,700,0.0,300,0.8,1.0,1.4029112257065848,1.5964020495674554,1.2006086151151147
500,700,0.0,300,1.01,1.0,1.4029112257065848,1.5964020495674554,1.2006086151151147
500,700,0.0,360,0.7,1.0,1.1001285120661282,1.5964020495674554,1.1372977159802333
500,700,0.0,360,0.8,1.0,1.5433342316371934,1.5964020495674558,1.1372977159802333
500,700,0.0,360,1.01,1.0,1.5433342316371934,1.5964020495674558,1.1372977159802333
500,700,0.5,240,0.7,1.1777675468636992,1.1570464530572682,1.6249808617690564,1.3024290812235266
500,700,0.5,240,0.8,1.1777675468636992,1.2049249952348873,1.6249808617690564,1.3024290812235266
500,700,0.5,240,1.01,1.1777675468636992,1.2049249952348873,1.6249808617690564,1.3024290812235266
500,700,0.5,300,0.7,1.1777675468636992,1.1570464530572682,1.6249808617690564,1.2008387487222338
500,700,0.5,300,0.8,1.1777675468636992,1.4885459636530836,1.6249808617690564,1.2008387487222338
500,700,0.5,300,1.01,1.1777675468636992,1.4885459636530836,1.6249808617690564,1.2008387487222338
500,700,0.5,360,0.7,1.181216733001633,1.157046453057268,1.6249808617690564,1.137507053432019
500,700,0.5,360,0.8,1.181216733001633,1.6422870976257005,1.6249808617690564,1.1375070534320193
500,700,0.5,360,1.01,1.181216733001633,1.6422870976257005,1.6249808617690564,1.1375070534320193
500,700,1.0,240,0.7,1.3555350937273982,1.213964394048408,1.6535596739706575,1.3026925739303095
500,700,1.0,240,0.8,1.3555350937273982,1.2659905090889918,1.6535596739706575,1.30269257393031
500,700,1.0,240,1.01,1.3555350937273982,1.2659905090889918,1.6535596739706575,1.30269257393031
500,700,1.0,300,0.7,1.3555350937273982,1.213964394048408,1.6535596739706575,1.2010688823293534
500,700,1.0,300,0.8,1.3555350937273982,1.5741807015995823,1.653559673970657,1.2010688823293532
500,700,1.0,300,1.01,1.3555350937273982,1.5741807015995823,1.653559673970657,1.2010688823293532
500,700,1.0,360,0.7,1.362433466003266,1.213964394048408,1.6535596739706568,1.137716390883805
500,700,1.0,360,0.8,1.362433466003266,1.7412399636142082,1.653559673970657,1.137716390883805
500,700,1.0,360,1.01,1.362433466003266,1.7412399636142082,1.653559673970657,1.137716390883805
