date,side,btc,usd,tax,px,reason
2014-04-12,sell,0.917,388.0,57.0,424.0,clock_1
2014-06-01,sell,0.917,576.0,85.0,630.0,clock_2
2014-07-21,sell,0.917,568.0,84.0,621.0,clock_3
2014-09-09,sell,0.917,433.0,63.0,474.0,clock_4
2014-10-31,buy,1.242,419.0,0.0,337.0,tranche_1
2014-11-30,buy,1.106,419.0,0.0,379.0,tranche_2
2014-12-30,buy,1.349,419.0,0.0,310.0,tranche_3
2015-01-29,buy,1.789,419.0,0.0,234.0,tranche_4
2017-11-21,sell,1.068,8627.0,1272.0,8092.0,clock_1
2018-01-10,sell,1.068,15638.0,2324.0,14669.0,clock_2
2018-02-04,sell,2.136,17591.0,2595.0,8251.0,trend_break
2018-03-01,sell,1.068,11645.0,1725.0,10924.0,clock_3
2018-04-20,sell,1.068,9424.0,1391.0,8840.0,clock_4
2018-11-19,buy,2.792,13405.0,0.0,4792.0,tranche_1
2018-12-19,buy,3.618,13405.0,0.0,3698.0,tranche_2
2019-01-18,buy,3.706,13405.0,0.0,3609.0,tranche_3
2019-02-17,buy,3.693,13405.0,0.0,3623.0,tranche_4
2021-09-23,sell,1.685,75433.0,10634.0,44861.0,clock_1
2021-11-12,sell,1.685,107746.0,15481.0,64079.0,clock_2
2021-12-05,sell,3.37,165883.0,23520.0,49327.0,trend_break
2022-01-01,sell,1.685,79970.0,11314.0,47560.0,clock_3
2022-02-20,sell,1.685,64823.0,9042.0,38552.0,clock_4
2022-06-13,buy,4.739,105966.0,0.0,22316.0,tranche_1
2022-07-13,buy,5.247,105966.0,0.0,20156.0,tranche_2
2022-08-12,buy,4.335,105966.0,0.0,24396.0,tranche_3
2022-09-11,buy,4.866,105966.0,0.0,21733.0,tranche_4
2025-09-01,sell,2.441,265553.0,34194.0,108992.0,clock_1
2025-10-19,sell,7.324,794570.0,102269.0,108707.0,trend_break
2025-10-21,sell,2.441,264841.0,34087.0,108700.0,clock_2
2025-12-10,sell,2.441,224403.0,28021.0,92103.0,clock_3
2026-01-29,sell,2.441,205928.0,25250.0,84520.0,clock_4
