,test_start,picked,chooser,Enter at 3+,Enter at 4+
0,2020-12-31,Enter at 3+,1.0093048947975491,1.0093048947975491,1.0093048947975491
1,2021-06-29,Enter at 3+,0.8501975622122855,0.8501975622122855,0.8501975622122855
2,2021-12-26,Enter at 3+,1.2342007476056787,1.2342007476056787,1.2342007476056787
3,2022-06-24,Enter at 3+,1.0854963306536007,1.0854963306536007,1.0854963306536007
4,2022-12-21,Enter at 3+,0.7046920920097146,0.7046920920097146,0.7046920920097146
5,2023-06-19,Enter at 3+,0.8438352578434715,0.8438352578434715,0.8438352578434715
6,2023-12-16,Enter at 3+,0.821686798352954,0.821686798352954,0.821686798352954
7,2024-06-13,Enter at 3+,0.8008067910524416,0.8008067910524416,0.8008067910524416
8,2024-12-10,Enter at 3+,0.8966968259475611,0.8966968259475611,0.8966968259475611
9,2025-06-08,Enter at 3+,1.080638514015313,1.080638514015313,1.080638514015313
10,2025-12-05,Enter at 3+,1.1144287714335008,1.1144287714335008,1.1144287714335008
